{"emerald":{"zcrystals:item/blank_z_crystal":2,"zcrystals:item/z_ring":3,"zcrystals:item/aloraichium_z":4,"zcrystals:item/buginium_z":5,"zcrystals:item/darkinium_z":6,"zcrystals:item/decidium_z":7,"zcrystals:item/dragonium_z":8,"zcrystals:item/eevium_z":9,"zcrystals:item/electrium_z":10,"zcrystals:item/fairium_z":11,"zcrystals:item/fightinium_z":12,"zcrystals:item/firium_z":13,"zcrystals:item/flyinium_z":14,"zcrystals:item/ghostium_z":15,"zcrystals:item/grassium_z":16,"zcrystals:item/groundium_z":17,"zcrystals:item/icium_z":18,"zcrystals:item/incinium_z":19,"zcrystals:item/kommonium_z":20,"zcrystals:item/lunalium_z":21,"zcrystals:item/lycanium_z":22,"zcrystals:item/marshadium_z":23,"zcrystals:item/mewnium_z":24,"zcrystals:item/mimikium_z":25,"zcrystals:item/normalium_z":26,"zcrystals:item/pikanium_z":27,"zcrystals:item/pikashunium_z":28,"zcrystals:item/poisonium_z":29,"zcrystals:item/primarium_z":30,"zcrystals:item/psychium_z":31,"zcrystals:item/rockium_z":32,"zcrystals:item/snorlium_z":33,"zcrystals:item/solganium_z":34,"zcrystals:item/steelium_z":35,"zcrystals:item/tapunium_z":36,"zcrystals:item/ultranecrozium_z":37,"zcrystals:item/waterium_z":38,"zcrystals:item/booster_energy":39}}